{
  "type": "polygon",
  "z_min": -0.008905522126551222,
  "z_max": 0.007998736288321186,
  "rotation_matrix": [
    [
      0.999462934218139,
      0.0009778488338124873,
      -0.03275495284268096
    ],
    [
      0.0009778488338124873,
      0.9982196066588432,
      0.059637745543597076
    ],
    [
      0.03275495284268096,
      -0.059637745543597076,
      0.9976825408769823
    ]
  ],
  "centroid": [
    0.08744075735419449,
    -0.023375642594836175,
    0.19706541673488345
  ],
  "polygon_points": 6
}